,Disney+
0,1
2,1
5,1
6,1
10,1
35,1
46,1
47,1
48,1
50,1
52,1
63,1
81,1
88,1
89,1
97,1
99,1
100,1
101,1
102,1
105,1
118,1
142,1
152,1
154,1
155,1
156,1
161,1
167,1
188,1
189,1
191,1
203,1
204,1
210,1
216,1
244,1
247,1
284,1
295,1
297,1
302,1
307,1
309,1
311,1
342,1
355,1
369,1
372,1
373,1
377,1
382,1
392,1
402,1
414,1
418,1
419,1
427,1
428,1
437,1
452,1
454,1
455,1
466,1
469,1
472,1
474,1
478,1
479,1
480,1
481,1
490,1
493,1
498,1
505,1
506,1
508,1
510,1
511,1
515,1
524,1
526,1
532,1
533,1
538,1
543,1
544,1
547,1
550,1
554,1
557,1
559,1
560,1
562,1
568,1
572,1
576,1
579,1
580,1
582,1
584,1
585,1
588,1
589,1
590,1
594,1
597,1
607,1
608,1
609,1
610,1
617,1
620,1
626,1
629,1
630,1
631,1
633,1
637,1
642,1
646,1
656,1
658,1
659,1
673,1
674,1
675,1
685,1
686,1
693,1
694,1
695,1
702,1
709,1
720,1
734,1
746,1
752,1
754,1
756,1
759,1
765,1
766,1
767,1
771,1
776,1
781,1
799,1
801,1
802,1
803,1
804,1
805,1
806,1
808,1
809,1
810,1
811,1
814,1
815,1
816,1
817,1
830,1
831,1
836,1
838,1
843,1
855,1
859,1
862,1
868,1
883,1
916,1
943,1
944,1
945,1
946,1
950,1
952,1
953,1
955,1
966,1
972,1
989,1
996,1
1002,1
1010,1
1018,1
1019,1
1030,1
1041,1
1042,1
1043,1
1044,1
1053,1
1066,1
1086,1
1096,1
1106,1
1125,1
1162,1
1166,1
1175,1
1181,1
1186,1
1197,1
1202,1
1221,1
1246,1
1260,1
1274,1
1281,1
1304,1
1308,1
1312,1
1314,1
1333,1
1347,1
1357,1
1358,1
1361,1
1374,1
1375,1
1393,1
1401,1
1410,1
1411,1
1414,1
1429,1
1442,1
1443,1
1448,1
1454,1
1476,1
1494,1
1499,1
1510,1
1517,1
1518,1
1534,1
1541,1
1553,1
1555,1
1643,1
1661,1
1678,1
1684,1
1704,1
1736,1
1763,1
1785,1
1786,1
1795,1
1812,1
1839,1
1866,1
1869,1
1898,1
1918,1
1921,1
1929,1
1989,1
2016,1
2043,1
2145,1
2178,1
2209,1
2218,1
2234,1
2260,1
2309,1
2310,1
2332,1
2341,1
2343,1
2344,1
2361,1
2363,1
2369,1
2389,1
2429,1
2465,1
2471,1
2550,1
2560,1
2607,1
2635,1
2652,1
2713,1
2719,1
2803,1
2858,1
2886,1
2897,1
3002,1
3017,1
3032,1
3081,1
3115,1
3120,1
3126,1
3205,1
3217,1
3269,1
3282,1
3304,1
3314,1
3332,1
3349,1
3381,1
3386,1
3396,1
3403,1
3418,1
3456,1
3491,1
3539,1
3628,1
3651,1
3678,1
3753,1
3882,1
3904,1
3942,1
3946,1
3960,1
3961,1
3962,1
3973,1
4001,1
4009,1
4022,1
4023,1
4049,1
4061,1
4065,1
4078,1
4122,1
4132,1
4162,1
4191,1
4196,1
4284,1
4285,1
4295,1
4302,1
4323,1
4326,1
4330,1
4333,1
4334,1
4335,1
4355,1
4358,1
4372,1
4423,1
4467,1
4511,1
4517,1
4566,1
4571,1
4589,1
4675,1
4692,1
4700,1
4705,1
4709,1
4746,1
4809,1
4816,1
4838,1
5149,1
5274,1
5353,1
5370,1
5392,1
5437,1
5472,1
5473,1
5514,1
5584,1
5606,1
5607,1
5608,1
5609,1
5614,1
5654,1
5679,1
5734,1
5748,1
5762,1
5779,1
5818,1
5848,1
5962,1
5986,1
5988,1
5990,1
6044,1
6054,1
6307,1
6371,1
6378,1
6418,1
6462,1
6488,1
6524,1
6538,1
6594,1
6733,1
6767,1
6776,1
6778,1
7059,1
7063,1
7066,1
7082,1
7097,1
7098,1
7099,1
7100,1
7140,1
7492,1
7563,1
7565,1
7653,1
7913,1
8108,1
8178,1
8271,1
8350,1
8441,1
8455,1
8585,1
8631,1
8673,1
8677,1
8707,1
8708,1
8845,1
8856,1
8916,1
8942,1
8965,1
9075,1
9076,1
9078,1
9079,1
9080,1
9139,1
9196,1
9316,1
9350,1
9403,1
9467,1
9480,1
9510,1
9543,1
9845,1
9849,1
10031,1
10125,1
10139,1
10174,1
10175,1
10258,1
10639,1
10742,1
10743,1
10828,1
10839,1
11194,1
11278,1
11452,1
11560,1
11590,1
11648,1
11801,1
11852,1
11892,1
12007,1
12038,1
12107,1
12198,1
12313,1
12523,1
12543,1
12590,1
